pair,n,spearman_r,spearman_p,pearson_r,pearson_p
Stars vs LCOM_median,7,0.40089186286863665,0.3727690230065347,-0.16956384126421797,0.716259841396381
AgeYears vs CBO_median,7,0.7092081432669755,0.07433118029954722,0.6168943815183896,0.14004294224460984
DaysSincePush vs LCOM_median,7,-0.17817416127494962,0.7023004348336379,-0.2669575030984662,0.5627737251449568
